Customer Code,Account Name
501014491,880
501021380,881
501017676,883
501016783,884
501013747,886
501023933,887
501033170,994
501017858,856
501018514,858
501017854,859
501013787,860
501016549,862
501026372,866
501015823,871
501031996,980
501029166,1068
501028827,838
501018551,841
501025152,842
501026392,844
501017763,845
501017769,846
501014738,848
501026003,849
501016819,850
501019207,851
501028347,853
501028491,854
501029736,891
501034565,1033
501034628,1038
501037626,1101
501038711,1124
91570,1199
91573,1200
501016071,772
501013728,774
501014666,775
501013763,776
501027744,777
501022967,778
501022966,779
501014156,780
501013673,781
501014527,782
501014658,783
501013959,784
501014157,785
501013675,786
501014324,787
501013729,788
501013762,789
501013732,790
501014077,791
501021534,792
501018882,793
501013703,794
501026677,795
501027511,796
501026025,797
501014699,798
501021784,799
501020132,800
501020464,801
501014331,802
501016578,803
501014678,804
501016156,805
501013967,806
501019688,807
501019671,808
501019670,809
501014326,810
501014762,811
501014791,812
501019669,813
501019668,814
501028318,815
501026830,816
501014737,817
501016707,818
501029491,819
501016706,820
501014942,822
501017523,823
501027777,824
501028226,825
501019103,826
501018941,827
501013824,828
501023872,836
501029772,890
501036235,1073
92736,1202
501028011,764
501014561,765
501014562,766
501016566,767
501027294,768
501021445,769
501021444,770
501014563,861
210715,997
UABHealthSystem,1019
501034035,1026
501034089,1027
501014155,761
501019141,762
